Horizon (days),Delta R^2
1,0.014839461100653706
5,0.028201262481616585
10,0.029460614965628462
15,0.0723395456094087
20,0.07678716427176635
25,0.10328209201859173
30,0.09947969083432762
