{
  "n": 1440,
  "first_stage_F_dom": 2.810204027002328,
  "first_stage_F_val": 1.4965429054747603,
  "stage2_r2": 0.21370387698202153,
  "stage2_adj_r2": 0.21151211078545573
}