variable,beta,beta_se,sd_x,d_logRV_per_1sd,pct_change_RV(%),pct_of_preRV(%)
delta_dominance_mean,-0.4943543889539601,3.1541209272837776,0.04946451068688379,-0.024452997955521066,-2.4156445517336533,-42.75235092856071
delta_valence_mean,-0.29642985510830394,1.0124547447845749,0.15247307847698643,-0.04519757256085014,-4.419137838013986,-78.21040207130858
