{
  "Absorb": -0.09573401090200762,
  "ci_lo": -0.13054967750993793,
  "ci_hi": -0.06189559023008335,
  "p_perm": 1.0,
  "B": 1000,
  "P": 2000,
  "horizons": [
    1,
    10,
    15,
    20,
    25,
    30
  ]
}